               epoch,      train/box_loss,      train/obj_loss,      train/cls_loss,   metrics/precision,      metrics/recall,     metrics/mAP_0.5,metrics/mAP_0.5:0.95,        val/box_loss,        val/obj_loss,        val/cls_loss,               x/lr0,               x/lr1,               x/lr2
                   0,             0.09223,            0.024594,            0.025164,          0.00043058,             0.12388,          0.00026469,          3.9775e-05,            0.069872,            0.013531,            0.021198,             0.00074,             0.00074,             0.09334
                   1,            0.078276,            0.021833,            0.022595,           0.0099797,           0.0060484,          0.00076787,          0.00014577,            0.069469,            0.012183,            0.020473,             0.00149,             0.00149,             0.08659
                   2,            0.077185,            0.020359,            0.020466,           0.0028926,            0.044131,          0.00095748,          0.00015715,            0.069514,            0.010491,            0.020297,           0.0022398,           0.0022398,             0.07984
                   3,            0.075863,             0.02109,            0.019928,           0.0048084,            0.010977,           0.0010144,          0.00018303,            0.072114,            0.014352,            0.023839,           0.0029893,           0.0029893,            0.073089
                   4,            0.074141,            0.021324,            0.020525,           0.0019286,             0.19332,           0.0013083,          0.00023007,            0.068409,           0.0099627,            0.020798,           0.0037385,           0.0037385,            0.066339
                   5,             0.07139,            0.022359,            0.019758,            0.010657,            0.017025,           0.0019952,           0.0003815,            0.066057,           0.0099509,            0.020148,           0.0044872,           0.0044872,            0.059587
                   6,            0.070337,            0.021967,            0.019553,            0.015413,            0.086694,           0.0063715,          0.00097476,             0.06387,            0.010412,            0.020223,           0.0052353,           0.0052353,            0.052835
                   7,            0.065557,            0.022515,            0.018079,             0.53948,             0.03629,            0.012972,           0.0019267,            0.063472,            0.011049,            0.021543,           0.0059828,           0.0059828,            0.046083
                   8,            0.064352,            0.023273,            0.019917,             0.54945,             0.10484,             0.02777,            0.004979,            0.057776,            0.014705,            0.020568,           0.0067294,           0.0067294,            0.039329
                   9,            0.062118,            0.022906,            0.017439,             0.54457,               0.125,             0.03147,           0.0060826,            0.055649,            0.011408,              0.0203,            0.007475,            0.007475,            0.032575
                  10,            0.060458,            0.022035,            0.017903,             0.56269,             0.11694,            0.048745,            0.010017,            0.057229,            0.009915,            0.020177,           0.0082197,           0.0082197,             0.02582
                  11,            0.057644,            0.020929,            0.017686,             0.13926,             0.29973,            0.046578,           0.0098949,            0.056041,            0.011405,            0.021013,           0.0089632,           0.0089632,            0.019063
                  12,            0.056476,            0.020691,            0.017772,             0.16694,             0.28651,            0.088718,            0.021319,            0.054606,            0.010452,            0.019634,           0.0097054,           0.0097054,            0.012305
                  13,            0.056046,            0.020794,            0.017196,             0.16535,             0.25515,             0.10996,            0.026201,            0.051007,            0.010327,            0.019239,           0.0099584,           0.0099584,           0.0099584
                  14,             0.05606,            0.020299,            0.018131,             0.22672,             0.27106,             0.12953,             0.02928,            0.051112,           0.0097307,            0.018504,           0.0099584,           0.0099584,           0.0099584
                  15,            0.054336,            0.019793,            0.016818,             0.38205,             0.19579,             0.15099,             0.03615,            0.053969,           0.0095192,            0.019159,           0.0099517,           0.0099517,           0.0099517
                  16,            0.053379,            0.018945,            0.017816,             0.21165,             0.33311,             0.16487,            0.039595,            0.050599,            0.008802,            0.015916,           0.0099446,           0.0099446,           0.0099446
                  17,            0.050468,            0.019204,             0.01451,             0.25188,             0.40636,             0.22023,             0.05655,            0.049023,            0.008854,            0.016847,            0.009937,            0.009937,            0.009937
                  18,            0.051626,            0.019404,            0.015899,             0.34006,             0.26227,             0.18978,            0.051438,            0.049453,            0.009262,            0.018773,           0.0099289,           0.0099289,           0.0099289
                  19,            0.050778,            0.019598,            0.015868,             0.36108,              0.3107,             0.25583,            0.079404,            0.050492,           0.0086587,            0.017872,           0.0099203,           0.0099203,           0.0099203
                  20,            0.051363,            0.018696,            0.014703,             0.37685,             0.37634,             0.26899,            0.085472,            0.045415,           0.0084578,            0.016586,           0.0099112,           0.0099112,           0.0099112
                  21,            0.049434,            0.018919,            0.014855,             0.39149,             0.36044,             0.29083,            0.092033,            0.048797,           0.0081792,            0.016313,           0.0099017,           0.0099017,           0.0099017
                  22,            0.049334,            0.018321,            0.015453,             0.35736,             0.31407,               0.245,            0.079018,            0.045552,           0.0086556,            0.014514,           0.0098916,           0.0098916,           0.0098916
                  23,            0.049593,            0.018731,            0.014579,             0.41105,             0.37904,             0.29295,            0.092209,            0.046666,           0.0081413,             0.01415,           0.0098811,           0.0098811,           0.0098811
                  24,            0.048521,            0.018572,            0.016242,             0.43088,             0.35596,             0.34237,             0.11741,            0.044096,           0.0081154,            0.014055,           0.0098701,           0.0098701,           0.0098701
                  25,            0.048668,            0.018401,            0.015163,             0.40772,             0.37993,             0.30734,             0.11036,            0.042355,           0.0082916,            0.015339,           0.0098586,           0.0098586,           0.0098586
                  26,            0.046214,            0.017926,            0.015448,             0.44753,              0.4254,             0.37766,             0.12553,            0.042047,           0.0077673,            0.013017,           0.0098467,           0.0098467,           0.0098467
                  27,            0.048863,            0.019216,            0.014096,             0.42458,             0.37522,              0.3521,              0.1159,            0.041503,           0.0078312,             0.01226,           0.0098342,           0.0098342,           0.0098342
                  28,            0.046742,            0.018199,            0.013681,             0.46158,             0.36425,             0.35037,             0.13806,            0.040282,           0.0077952,            0.013475,           0.0098213,           0.0098213,           0.0098213
                  29,            0.048123,            0.017799,            0.013851,             0.55237,             0.37791,             0.38423,             0.14447,            0.045668,           0.0074472,            0.012973,           0.0098079,           0.0098079,           0.0098079
                  30,            0.047243,            0.017676,            0.013295,             0.57406,             0.50606,             0.45568,             0.16116,            0.041213,           0.0075749,             0.01175,           0.0097941,           0.0097941,           0.0097941
                  31,             0.04543,            0.018037,            0.012558,             0.49598,             0.50381,             0.43702,             0.15399,            0.040002,           0.0076529,            0.011851,           0.0097798,           0.0097798,           0.0097798
                  32,            0.044556,            0.017594,            0.013452,             0.57917,             0.47261,             0.49962,             0.17704,            0.039625,           0.0075274,            0.012692,            0.009765,            0.009765,            0.009765
                  33,            0.046769,            0.017836,            0.013435,             0.49555,             0.44504,             0.43025,             0.18026,            0.041747,            0.007321,            0.012694,           0.0097497,           0.0097497,           0.0097497
                  34,            0.047556,            0.018055,            0.013003,             0.46656,             0.47043,             0.42609,             0.15585,            0.040879,           0.0075566,            0.010998,            0.009734,            0.009734,            0.009734
                  35,            0.043786,            0.017381,            0.012271,             0.67005,             0.45135,             0.50406,             0.18859,            0.040842,           0.0073594,            0.010233,           0.0097178,           0.0097178,           0.0097178
                  36,            0.044233,            0.017721,            0.012295,             0.58805,             0.56782,             0.50533,              0.2147,            0.040514,           0.0070607,             0.01091,           0.0097011,           0.0097011,           0.0097011
                  37,            0.045121,            0.017043,            0.012482,             0.63451,             0.43027,             0.50618,             0.19279,            0.038244,            0.007301,           0.0093907,            0.009684,            0.009684,            0.009684
                  38,            0.044704,            0.017504,            0.013066,             0.57916,             0.53592,             0.53652,             0.20984,            0.038975,           0.0073561,           0.0098717,           0.0096664,           0.0096664,           0.0096664
                  39,            0.044377,            0.017252,            0.011398,             0.59455,             0.50762,             0.53387,              0.2329,            0.039241,           0.0070427,            0.010366,           0.0096484,           0.0096484,           0.0096484
                  40,            0.045586,            0.016947,            0.010684,              0.5235,             0.56116,              0.5411,             0.20638,            0.038462,           0.0070447,           0.0087532,           0.0096299,           0.0096299,           0.0096299
                  41,            0.044372,            0.016911,            0.010406,             0.52766,             0.56496,             0.52317,             0.18606,             0.03948,           0.0070195,            0.005921,            0.009611,            0.009611,            0.009611
                  42,             0.04354,            0.017409,            0.011987,             0.52396,             0.52373,             0.49651,             0.19852,            0.038033,           0.0070991,            0.009475,           0.0095916,           0.0095916,           0.0095916
                  43,            0.044701,            0.017467,            0.011507,             0.59483,             0.50228,             0.51672,             0.20115,            0.037907,           0.0072502,            0.010078,           0.0095717,           0.0095717,           0.0095717
                  44,            0.043985,            0.017526,            0.011794,             0.65406,             0.55488,             0.58136,              0.2277,            0.039527,           0.0069472,           0.0072322,           0.0095514,           0.0095514,           0.0095514
                  45,            0.044878,             0.01694,            0.010017,             0.63892,             0.62545,             0.62841,             0.25281,            0.037251,           0.0068127,           0.0074289,           0.0095307,           0.0095307,           0.0095307
                  46,            0.042751,            0.016786,           0.0086973,             0.67332,             0.54606,             0.56309,             0.21744,            0.036373,           0.0069479,           0.0052885,           0.0095095,           0.0095095,           0.0095095
                  47,            0.043119,            0.016746,           0.0096511,             0.52728,             0.55847,             0.51653,             0.21008,            0.038637,           0.0070902,            0.008453,           0.0094879,           0.0094879,           0.0094879
                  48,            0.044332,            0.016538,           0.0094407,             0.58962,             0.51195,             0.55379,             0.22113,            0.039169,           0.0071649,           0.0092335,           0.0094659,           0.0094659,           0.0094659
                  49,            0.043766,            0.017018,            0.010588,              0.6468,             0.58154,             0.59799,             0.23325,            0.036182,           0.0068459,           0.0050124,           0.0094434,           0.0094434,           0.0094434
                  50,            0.041742,            0.016788,           0.0089812,             0.68585,             0.64316,             0.65361,             0.26571,            0.037263,           0.0065902,           0.0048421,           0.0094205,           0.0094205,           0.0094205
                  51,            0.041217,            0.016619,           0.0084487,             0.65394,             0.60058,             0.62258,             0.27115,            0.036703,           0.0067641,           0.0050686,           0.0093971,           0.0093971,           0.0093971
                  52,            0.044696,            0.016875,           0.0094294,             0.55161,             0.60506,             0.57436,             0.22475,            0.036825,           0.0069556,           0.0067075,           0.0093733,           0.0093733,           0.0093733
                  53,            0.044566,             0.01661,           0.0098111,             0.66412,              0.5746,             0.62084,              0.2568,            0.036627,           0.0068804,            0.006334,           0.0093491,           0.0093491,           0.0093491
                  54,            0.041637,            0.016391,           0.0080655,             0.64442,             0.62881,             0.63092,             0.26955,             0.03632,           0.0068607,           0.0039156,           0.0093245,           0.0093245,           0.0093245
                  55,            0.042738,            0.016455,           0.0074841,             0.71873,             0.62231,              0.6566,             0.27406,            0.037215,           0.0065224,           0.0076408,           0.0092995,           0.0092995,           0.0092995
                  56,            0.040011,            0.015774,           0.0086517,             0.67846,             0.63686,              0.6415,             0.27388,            0.035588,           0.0066438,           0.0068147,            0.009274,            0.009274,            0.009274
                  57,            0.040871,            0.016347,            0.009767,             0.59661,             0.62926,             0.60872,             0.27413,            0.037239,           0.0066145,           0.0064802,           0.0092481,           0.0092481,           0.0092481
                  58,             0.04171,            0.016582,           0.0079343,             0.70374,             0.56718,             0.63601,             0.27832,            0.035708,           0.0066237,           0.0040718,           0.0092219,           0.0092219,           0.0092219
                  59,            0.041351,            0.016423,           0.0086961,             0.76144,              0.6041,             0.67809,              0.2921,            0.035071,           0.0064909,           0.0056636,           0.0091952,           0.0091952,           0.0091952
                  60,            0.041336,            0.015457,           0.0073598,             0.73012,             0.60871,             0.65058,             0.28615,            0.036577,           0.0063724,           0.0043845,           0.0091681,           0.0091681,           0.0091681
                  61,            0.040092,            0.016329,           0.0088646,             0.72976,             0.54615,              0.6079,             0.26787,            0.036502,           0.0065633,           0.0052586,           0.0091406,           0.0091406,           0.0091406
                  62,            0.040929,            0.016288,            0.007602,             0.75698,             0.65544,             0.70927,             0.31239,            0.034473,           0.0063578,           0.0040552,           0.0091127,           0.0091127,           0.0091127
                  63,            0.040034,             0.01625,           0.0085381,             0.73445,              0.5763,             0.63113,              0.2835,             0.03657,           0.0062671,            0.003188,           0.0090844,           0.0090844,           0.0090844
                  64,            0.040873,            0.016161,           0.0073041,              0.6918,             0.62131,             0.65371,              0.2896,            0.036987,           0.0063617,           0.0044832,           0.0090557,           0.0090557,           0.0090557
                  65,            0.039731,            0.016306,           0.0078611,             0.75371,             0.65358,              0.7095,             0.32364,            0.035126,            0.006248,           0.0036864,           0.0090266,           0.0090266,           0.0090266
                  66,            0.038671,            0.015677,           0.0071768,             0.76779,             0.68687,             0.72409,             0.34401,            0.033739,           0.0060974,           0.0031563,           0.0089972,           0.0089972,           0.0089972
                  67,            0.039674,            0.015562,           0.0082976,             0.70866,             0.65054,             0.69742,             0.29141,            0.036429,           0.0063791,            0.002984,           0.0089673,           0.0089673,           0.0089673
                  68,            0.040499,             0.01592,           0.0091018,             0.72663,             0.66555,             0.71442,             0.32963,             0.03533,           0.0062098,           0.0037534,           0.0089371,           0.0089371,           0.0089371
                  69,             0.03978,            0.016006,           0.0085297,             0.69901,             0.59274,             0.63381,             0.28285,            0.034787,           0.0064827,           0.0050396,           0.0089065,           0.0089065,           0.0089065
                  70,            0.039288,            0.015948,           0.0070921,             0.75882,             0.66559,             0.71355,             0.34154,            0.035799,           0.0061931,           0.0028282,           0.0088755,           0.0088755,           0.0088755
                  71,            0.040961,            0.016372,           0.0066995,             0.70014,             0.58503,             0.64759,             0.29852,            0.034998,           0.0062606,           0.0031703,           0.0088442,           0.0088442,           0.0088442
                  72,            0.037595,             0.01553,           0.0067488,             0.77368,             0.66882,             0.73555,             0.37399,            0.033527,           0.0060613,           0.0034793,           0.0088124,           0.0088124,           0.0088124
                  73,            0.039157,            0.015693,           0.0065471,             0.73257,             0.63359,             0.71181,             0.33543,            0.033101,           0.0061194,            0.004184,           0.0087804,           0.0087804,           0.0087804
                  74,            0.038287,             0.01563,           0.0067775,             0.70567,             0.69226,             0.70405,             0.31634,            0.034519,           0.0061012,           0.0040488,           0.0087479,           0.0087479,           0.0087479
                  75,            0.039591,            0.015649,           0.0074602,             0.78399,             0.69421,             0.75159,             0.34128,             0.03353,           0.0059066,           0.0050074,           0.0087151,           0.0087151,           0.0087151
                  76,            0.038367,            0.015383,           0.0068225,             0.78784,              0.6389,             0.72928,             0.33756,             0.03356,           0.0060227,           0.0032128,            0.008682,            0.008682,            0.008682
                  77,             0.03781,             0.01564,           0.0062329,             0.65939,             0.72438,             0.71477,             0.33114,            0.032343,           0.0060082,           0.0040797,           0.0086485,           0.0086485,           0.0086485
                  78,             0.03914,             0.01567,           0.0055221,              0.6857,             0.68517,             0.72697,             0.32189,            0.032583,           0.0058773,           0.0039168,           0.0086146,           0.0086146,           0.0086146
                  79,            0.040185,            0.015838,            0.005743,             0.69228,             0.73088,             0.72818,             0.33649,            0.034889,           0.0059833,           0.0040376,           0.0085805,           0.0085805,           0.0085805
                  80,            0.037279,            0.015448,           0.0062326,              0.7868,             0.68728,             0.73926,             0.35217,            0.034398,           0.0060259,           0.0039699,           0.0085459,           0.0085459,           0.0085459
                  81,            0.038743,            0.015541,           0.0060709,             0.72178,             0.67697,             0.71946,             0.34181,            0.032804,           0.0060065,           0.0038803,           0.0085111,           0.0085111,           0.0085111
                  82,            0.037727,            0.015343,           0.0067227,              0.8103,             0.68666,             0.78221,             0.38114,            0.032364,           0.0057897,           0.0030165,           0.0084759,           0.0084759,           0.0084759
                  83,            0.039051,            0.015275,           0.0070018,             0.70674,              0.6642,             0.70087,             0.30842,            0.033046,           0.0062078,           0.0051139,           0.0084404,           0.0084404,           0.0084404
                  84,            0.039446,            0.015647,            0.006371,              0.6555,             0.72894,             0.71837,             0.35318,            0.032837,           0.0059793,           0.0032827,           0.0084046,           0.0084046,           0.0084046
                  85,            0.036922,            0.015431,           0.0052263,              0.7242,             0.74358,             0.74195,             0.39173,            0.031212,           0.0058641,           0.0023893,           0.0083684,           0.0083684,           0.0083684
                  86,             0.03649,            0.015369,           0.0059805,             0.76222,             0.70027,             0.73852,             0.34071,             0.03275,           0.0059569,           0.0043431,           0.0083319,           0.0083319,           0.0083319
                  87,            0.037697,            0.015192,           0.0060894,             0.81656,             0.69622,             0.77855,             0.37329,            0.031662,           0.0057451,           0.0024485,           0.0082952,           0.0082952,           0.0082952
                  88,            0.037518,            0.014919,           0.0061551,             0.77307,             0.72334,             0.77282,             0.39088,            0.030516,           0.0057206,           0.0026005,           0.0082581,           0.0082581,           0.0082581
                  89,            0.038523,            0.015193,           0.0063837,             0.68753,             0.74982,             0.77576,             0.36973,            0.030888,           0.0059109,           0.0030834,           0.0082207,           0.0082207,           0.0082207
                  90,             0.03663,            0.014883,           0.0054985,             0.85508,              0.7323,             0.82408,              0.4126,            0.030606,           0.0055434,           0.0029263,            0.008183,            0.008183,            0.008183
                  91,            0.035943,             0.01491,           0.0055365,             0.74776,             0.76211,             0.79597,               0.401,            0.030045,           0.0056456,           0.0027891,            0.008145,            0.008145,            0.008145
                  92,            0.034905,            0.015001,            0.005881,             0.82372,             0.76511,             0.81287,             0.39604,            0.030041,           0.0056421,           0.0025611,           0.0081068,           0.0081068,           0.0081068
                  93,            0.037467,            0.015544,            0.005454,             0.80273,             0.66599,             0.77971,              0.3939,             0.03038,           0.0057129,           0.0037948,           0.0080682,           0.0080682,           0.0080682
                  94,            0.037323,            0.014797,           0.0050039,             0.74553,             0.78578,             0.81302,             0.40208,            0.031109,           0.0055277,           0.0028575,           0.0080294,           0.0080294,           0.0080294
                  95,            0.035088,            0.014713,           0.0049809,             0.76224,             0.74104,             0.79705,             0.38976,            0.032012,           0.0056855,           0.0024464,           0.0079903,           0.0079903,           0.0079903
                  96,             0.03509,             0.01521,           0.0062103,             0.79375,             0.66767,             0.75925,             0.36168,            0.030328,           0.0056248,           0.0027305,           0.0079509,           0.0079509,           0.0079509
                  97,            0.036716,            0.015408,           0.0053107,             0.83081,             0.70852,             0.79115,               0.388,            0.031474,           0.0055949,           0.0038857,           0.0079112,           0.0079112,           0.0079112
                  98,            0.037676,            0.015113,           0.0073752,             0.77563,             0.70632,             0.77013,             0.38174,            0.031275,           0.0055216,            0.004773,           0.0078713,           0.0078713,           0.0078713
                  99,            0.037071,            0.014625,            0.004919,             0.84359,             0.72123,             0.81563,             0.40982,            0.031821,           0.0054206,           0.0027606,           0.0078311,           0.0078311,           0.0078311
                 100,            0.034592,            0.014853,           0.0056782,             0.77449,              0.7612,             0.78021,             0.39494,            0.031819,           0.0055305,           0.0028397,           0.0077907,           0.0077907,           0.0077907
                 101,            0.036561,            0.014412,           0.0052862,             0.85189,             0.73199,             0.82582,             0.43976,            0.031135,           0.0052711,           0.0017568,             0.00775,             0.00775,             0.00775
                 102,            0.035978,             0.01484,           0.0047175,             0.71167,             0.77206,             0.79494,              0.4181,             0.02949,           0.0054317,           0.0032353,           0.0077091,           0.0077091,           0.0077091
                 103,            0.034567,             0.01462,           0.0058736,             0.76761,             0.73415,             0.78445,             0.42533,            0.030154,            0.005477,           0.0025436,           0.0076679,           0.0076679,           0.0076679
                 104,            0.035428,            0.014985,           0.0058461,             0.80904,             0.69847,               0.791,             0.40658,            0.031306,           0.0054631,            0.002038,           0.0076265,           0.0076265,           0.0076265
                 105,            0.033969,            0.014902,           0.0049809,             0.84962,             0.73186,             0.81442,             0.41657,            0.030072,           0.0054203,           0.0019347,           0.0075848,           0.0075848,           0.0075848
                 106,            0.035726,            0.014607,             0.00474,             0.87077,             0.66591,             0.78968,             0.41584,            0.031363,           0.0053358,           0.0034218,            0.007543,            0.007543,            0.007543
                 107,            0.035336,            0.014675,           0.0052365,             0.84335,             0.71773,             0.82065,             0.45231,             0.02998,           0.0053377,           0.0028212,           0.0075009,           0.0075009,           0.0075009
                 108,            0.035076,            0.014493,           0.0055215,             0.82913,              0.7155,             0.80204,             0.41931,            0.029782,            0.005444,           0.0025829,           0.0074585,           0.0074585,           0.0074585
                 109,             0.03455,            0.014437,           0.0050424,             0.76714,             0.76729,             0.79017,             0.42113,            0.030053,           0.0054105,           0.0025144,            0.007416,            0.007416,            0.007416
                 110,            0.035032,            0.014568,           0.0051153,             0.77795,               0.769,             0.78552,             0.41918,            0.032355,            0.005363,           0.0028385,           0.0073733,           0.0073733,           0.0073733
                 111,            0.035734,            0.014957,           0.0054577,             0.80071,             0.68101,             0.79878,             0.41791,            0.029775,           0.0054125,           0.0028177,           0.0073303,           0.0073303,           0.0073303
                 112,            0.034071,            0.014931,           0.0049567,             0.81599,              0.7379,             0.82275,             0.44157,            0.029052,           0.0053229,           0.0023712,           0.0072872,           0.0072872,           0.0072872
                 113,            0.035168,             0.01428,           0.0050542,             0.83782,             0.73306,             0.82651,             0.43223,            0.031444,           0.0054884,            0.003072,           0.0072438,           0.0072438,           0.0072438
                 114,            0.035278,            0.014189,           0.0040979,             0.84579,             0.71817,             0.79763,             0.40917,            0.030215,           0.0054582,           0.0025326,           0.0072003,           0.0072003,           0.0072003
                 115,            0.034851,            0.014191,           0.0043089,             0.82075,             0.75831,             0.82409,             0.44709,            0.030034,           0.0052866,           0.0025637,           0.0071566,           0.0071566,           0.0071566
                 116,            0.033088,            0.014447,           0.0063823,             0.81634,             0.75745,             0.82611,             0.42746,            0.030992,           0.0054112,            0.002585,           0.0071127,           0.0071127,           0.0071127
                 117,            0.034402,            0.014527,           0.0044587,             0.79422,             0.73454,             0.79721,             0.41543,            0.028631,            0.005439,           0.0020927,           0.0070686,           0.0070686,           0.0070686
                 118,            0.033933,            0.014047,           0.0051739,             0.86273,             0.73797,             0.84189,              0.4489,            0.028584,           0.0052719,           0.0017974,           0.0070243,           0.0070243,           0.0070243
                 119,             0.03446,            0.014127,           0.0056818,             0.88645,              0.7181,             0.83395,             0.44437,            0.029194,           0.0052878,           0.0022867,           0.0069799,           0.0069799,           0.0069799
                 120,            0.033382,            0.013953,           0.0046187,             0.79918,             0.77442,             0.82752,             0.42261,            0.030181,           0.0052846,           0.0017624,           0.0069353,           0.0069353,           0.0069353
                 121,             0.03489,            0.014434,           0.0046149,             0.88904,              0.7084,             0.83523,             0.45086,            0.029715,           0.0052842,           0.0017732,           0.0068906,           0.0068906,           0.0068906
                 122,            0.033982,            0.014033,            0.005159,             0.78527,             0.84189,             0.86545,             0.47855,            0.028104,           0.0051612,           0.0011893,           0.0068457,           0.0068457,           0.0068457
                 123,            0.033399,            0.013983,           0.0042619,             0.74713,             0.77565,             0.81341,             0.45051,            0.029199,           0.0052688,           0.0019551,           0.0068006,           0.0068006,           0.0068006
                 124,            0.033304,            0.014276,           0.0051834,             0.80843,             0.75234,             0.82318,             0.45579,            0.028802,           0.0052447,           0.0018019,           0.0067555,           0.0067555,           0.0067555
                 125,            0.033551,            0.014791,           0.0050397,             0.78835,             0.77733,             0.82759,             0.46802,            0.028618,           0.0051464,           0.0026387,           0.0067101,           0.0067101,           0.0067101
                 126,            0.032463,            0.013915,           0.0042361,             0.90986,             0.73689,             0.85654,             0.47456,            0.028343,           0.0051774,           0.0022075,           0.0066647,           0.0066647,           0.0066647
                 127,            0.033323,            0.013668,           0.0037278,             0.84231,             0.75314,             0.84129,             0.46768,            0.028233,           0.0052476,           0.0022307,           0.0066191,           0.0066191,           0.0066191
                 128,            0.033564,            0.014091,           0.0058761,             0.79954,             0.79726,             0.85186,             0.47295,            0.029102,           0.0051302,           0.0024311,           0.0065734,           0.0065734,           0.0065734
                 129,            0.032653,            0.014283,           0.0056549,             0.85515,             0.75896,             0.84683,              0.4652,             0.02822,           0.0052125,           0.0021906,           0.0065276,           0.0065276,           0.0065276
                 130,            0.032715,            0.014291,           0.0041192,             0.86772,              0.7947,             0.86441,             0.46502,            0.028541,            0.005032,           0.0019253,           0.0064816,           0.0064816,           0.0064816
                 131,            0.031723,            0.013883,           0.0044241,             0.82111,             0.78248,             0.84003,             0.46181,            0.028091,           0.0051076,           0.0019657,           0.0064356,           0.0064356,           0.0064356
                 132,            0.032263,            0.013637,           0.0040524,             0.88778,             0.69543,              0.8313,             0.47489,            0.027626,           0.0050988,           0.0023696,           0.0063895,           0.0063895,           0.0063895
                 133,            0.031607,            0.013756,           0.0046842,             0.82524,             0.79188,             0.84427,             0.45753,            0.026572,            0.005118,           0.0019489,           0.0063432,           0.0063432,           0.0063432
                 134,            0.031201,            0.013367,           0.0032489,             0.83711,             0.79573,             0.86578,             0.48935,            0.026557,           0.0049916,           0.0023753,           0.0062969,           0.0062969,           0.0062969
                 135,            0.031473,            0.013976,           0.0045384,             0.78793,             0.77312,             0.82813,             0.46306,            0.026128,           0.0050862,           0.0023514,           0.0062505,           0.0062505,           0.0062505
                 136,            0.033145,            0.013993,           0.0045375,             0.81689,             0.80632,             0.86316,             0.49118,            0.027233,           0.0050922,           0.0019651,            0.006204,            0.006204,            0.006204
                 137,            0.033577,            0.013656,           0.0039785,             0.89983,             0.79028,             0.88174,             0.50785,            0.026471,           0.0049916,           0.0019662,           0.0061574,           0.0061574,           0.0061574
                 138,            0.032394,            0.013729,           0.0039439,             0.85492,              0.7719,             0.86045,             0.48959,            0.027578,           0.0051209,           0.0021168,           0.0061107,           0.0061107,           0.0061107
                 139,            0.033333,            0.013971,           0.0047492,             0.81409,             0.76223,             0.85092,             0.49733,            0.027334,           0.0051014,           0.0033324,            0.006064,            0.006064,            0.006064
                 140,            0.031838,            0.013596,            0.004341,             0.81133,             0.80855,             0.84899,             0.49231,            0.028771,           0.0050697,           0.0019342,           0.0060172,           0.0060172,           0.0060172
                 141,             0.03247,            0.013774,           0.0044208,             0.83883,             0.79897,             0.84394,             0.47845,            0.028893,           0.0051476,           0.0017973,           0.0059704,           0.0059704,           0.0059704
                 142,            0.033127,            0.013432,           0.0042048,             0.82651,             0.81363,             0.85561,             0.50681,             0.02813,            0.005018,           0.0022016,           0.0059235,           0.0059235,           0.0059235
                 143,            0.032214,            0.013624,           0.0045268,             0.90096,             0.77909,             0.87036,             0.49537,            0.026753,           0.0050295,            0.001874,           0.0058766,           0.0058766,           0.0058766
                 144,            0.032117,            0.013511,           0.0043651,             0.85393,             0.80018,             0.86616,             0.50849,            0.027148,           0.0051099,             0.00199,           0.0058296,           0.0058296,           0.0058296
                 145,            0.029946,            0.013499,           0.0039701,             0.84451,             0.78916,             0.85149,             0.48896,             0.02667,           0.0051775,           0.0016991,           0.0057826,           0.0057826,           0.0057826
                 146,            0.030225,            0.013615,            0.003427,             0.90555,             0.78183,             0.87846,             0.48446,            0.027622,           0.0051003,           0.0018874,           0.0057355,           0.0057355,           0.0057355
                 147,            0.030972,            0.013771,           0.0036423,             0.85755,             0.78047,             0.85597,             0.48764,            0.027377,           0.0050409,           0.0015954,           0.0056884,           0.0056884,           0.0056884
                 148,            0.030808,            0.013595,            0.002889,             0.87633,              0.7724,              0.8584,              0.4958,            0.027084,           0.0050327,           0.0016099,           0.0056413,           0.0056413,           0.0056413
                 149,            0.032225,            0.013745,           0.0032127,             0.85707,              0.8019,             0.87367,             0.48351,            0.027304,           0.0050636,           0.0016146,           0.0055942,           0.0055942,           0.0055942
                 150,            0.030348,            0.013122,           0.0047455,              0.8704,             0.79942,             0.87272,             0.50823,            0.026844,           0.0050072,           0.0015742,           0.0055471,           0.0055471,           0.0055471
                 151,             0.03198,             0.01368,            0.005544,             0.82744,             0.76534,             0.83309,             0.47666,            0.027247,           0.0050735,           0.0019443,              0.0055,              0.0055,              0.0055
                 152,            0.031266,            0.013677,           0.0041425,             0.83766,             0.76384,             0.83557,             0.47658,            0.028515,           0.0050896,           0.0018531,           0.0054529,           0.0054529,           0.0054529
                 153,            0.030943,            0.013887,           0.0034995,             0.84503,             0.74969,             0.83302,             0.47607,            0.027327,           0.0048322,           0.0017847,           0.0054058,           0.0054058,           0.0054058
                 154,            0.031608,            0.013347,           0.0038315,             0.86931,             0.76322,             0.85659,             0.50286,            0.027547,           0.0048674,           0.0017155,           0.0053587,           0.0053587,           0.0053587
                 155,            0.030863,            0.013256,           0.0039116,             0.87113,              0.7338,             0.83505,             0.49009,            0.027375,            0.004971,           0.0017468,           0.0053116,           0.0053116,           0.0053116
                 156,            0.031347,            0.012986,           0.0046699,             0.81146,             0.78709,             0.83947,             0.49791,            0.027163,           0.0049143,           0.0020603,           0.0052645,           0.0052645,           0.0052645
                 157,            0.030386,             0.01276,           0.0035174,             0.83528,             0.78835,             0.84395,             0.50092,            0.027286,           0.0048091,           0.0019048,           0.0052174,           0.0052174,           0.0052174
                 158,             0.03136,            0.013309,           0.0034374,             0.86071,             0.80697,             0.85624,              0.4957,            0.027835,           0.0048969,           0.0019174,           0.0051704,           0.0051704,           0.0051704
                 159,            0.031179,            0.013089,            0.004116,             0.92714,             0.76845,             0.85955,              0.4953,            0.027187,           0.0048379,           0.0018346,           0.0051234,           0.0051234,           0.0051234
                 160,            0.030446,            0.013232,           0.0035906,             0.87485,             0.82317,             0.87519,              0.5192,            0.026617,           0.0048463,           0.0016784,           0.0050765,           0.0050765,           0.0050765
                 161,            0.029405,            0.013233,            0.003328,             0.86289,             0.74387,             0.84816,             0.51164,            0.026976,           0.0048498,           0.0012986,           0.0050296,           0.0050296,           0.0050296
                 162,            0.029693,            0.012777,           0.0033795,             0.89038,             0.75739,             0.86282,             0.50899,            0.027547,           0.0048643,            0.001677,           0.0049828,           0.0049828,           0.0049828
                 163,            0.030402,            0.013262,           0.0038642,             0.84483,             0.73544,              0.8389,             0.49421,            0.026483,            0.005003,           0.0015734,            0.004936,            0.004936,            0.004936
                 164,            0.028941,            0.013171,           0.0033891,             0.88412,             0.80901,             0.88763,             0.51747,            0.025875,           0.0049521,           0.0015739,           0.0048893,           0.0048893,           0.0048893
                 165,            0.030445,            0.013156,           0.0044196,             0.84914,             0.81133,             0.87723,             0.49426,            0.026912,           0.0050339,           0.0015582,           0.0048426,           0.0048426,           0.0048426
                 166,            0.028701,            0.012551,           0.0031401,             0.87658,             0.79032,             0.87397,             0.50973,            0.026519,           0.0050301,           0.0014889,            0.004796,            0.004796,            0.004796
                 167,            0.030247,            0.012977,            0.003139,             0.85736,             0.79043,             0.87487,             0.51046,            0.025892,           0.0050069,           0.0015106,           0.0047495,           0.0047495,           0.0047495
                 168,            0.030966,            0.013438,           0.0032993,             0.77119,             0.82236,             0.83782,             0.49253,            0.026497,           0.0050002,           0.0017163,           0.0047031,           0.0047031,           0.0047031
                 169,            0.029712,            0.013173,           0.0040393,              0.8084,              0.8429,             0.85048,             0.48946,            0.026349,           0.0050318,           0.0020837,           0.0046568,           0.0046568,           0.0046568
                 170,            0.030694,              0.0136,           0.0048257,             0.85876,             0.76778,             0.84505,             0.49306,            0.026066,           0.0050395,            0.001706,           0.0046105,           0.0046105,           0.0046105
                 171,            0.031082,            0.013508,           0.0037333,             0.88045,             0.75241,             0.85636,             0.51122,            0.026501,           0.0049431,           0.0014219,           0.0045644,           0.0045644,           0.0045644
                 172,            0.029214,            0.013064,           0.0042543,             0.84553,             0.80686,             0.86701,             0.50779,            0.026063,           0.0048534,           0.0018537,           0.0045184,           0.0045184,           0.0045184
                 173,            0.029792,              0.0132,           0.0032324,              0.8591,             0.84285,             0.88669,             0.49949,            0.026392,           0.0049271,           0.0028767,           0.0044724,           0.0044724,           0.0044724
                 174,            0.030705,            0.013491,           0.0042344,             0.84203,             0.80399,             0.86369,             0.49946,            0.026406,           0.0050511,           0.0030232,           0.0044266,           0.0044266,           0.0044266
                 175,             0.03012,            0.012999,           0.0031714,             0.81496,              0.8125,             0.85162,             0.49681,            0.025675,            0.004927,           0.0021772,           0.0043809,           0.0043809,           0.0043809
                 176,            0.029027,            0.013156,           0.0028315,             0.83499,              0.8282,             0.87112,             0.50625,            0.025523,           0.0048238,           0.0017442,           0.0043353,           0.0043353,           0.0043353
                 177,            0.031034,            0.012982,            0.003247,             0.87192,              0.8004,             0.87511,             0.52032,             0.02511,           0.0047462,           0.0018735,           0.0042899,           0.0042899,           0.0042899
                 178,            0.029118,             0.01306,           0.0029535,             0.85296,             0.81506,             0.88026,             0.52118,            0.025922,           0.0047699,           0.0021359,           0.0042445,           0.0042445,           0.0042445
                 179,            0.028857,            0.012676,            0.004129,             0.87812,             0.80019,             0.87566,             0.52053,             0.02574,           0.0048333,           0.0019427,           0.0041994,           0.0041994,           0.0041994
                 180,            0.029084,            0.012958,           0.0037876,             0.90014,             0.77726,             0.87671,             0.53355,            0.025852,           0.0047473,           0.0018469,           0.0041543,           0.0041543,           0.0041543
                 181,            0.028317,            0.012697,           0.0027684,             0.89856,             0.78517,             0.87652,             0.52564,            0.024904,            0.004667,           0.0020337,           0.0041094,           0.0041094,           0.0041094
                 182,            0.028846,            0.013046,           0.0035901,             0.94877,              0.7801,             0.88763,             0.51806,            0.026298,           0.0047996,           0.0016228,           0.0040647,           0.0040647,           0.0040647
                 183,             0.02878,            0.012607,           0.0031333,             0.85667,             0.81974,             0.87632,             0.50191,            0.025706,           0.0047773,           0.0016167,           0.0040201,           0.0040201,           0.0040201
                 184,            0.028447,            0.012882,            0.002718,             0.85331,             0.77024,             0.86177,              0.5171,            0.026045,           0.0047993,           0.0016507,           0.0039757,           0.0039757,           0.0039757
                 185,             0.02981,            0.012782,           0.0030548,             0.87943,             0.76983,             0.86589,             0.52303,            0.026066,           0.0047808,           0.0015747,           0.0039314,           0.0039314,           0.0039314
                 186,            0.027929,            0.012615,           0.0027418,             0.86596,             0.81397,             0.88688,             0.52895,            0.025377,           0.0047006,           0.0013101,           0.0038873,           0.0038873,           0.0038873
                 187,             0.02764,            0.012808,           0.0026738,             0.89696,              0.7922,             0.87594,             0.52532,            0.025638,           0.0047281,           0.0013279,           0.0038434,           0.0038434,           0.0038434
                 188,            0.028499,            0.012838,           0.0036485,             0.79346,              0.8664,             0.87736,             0.53871,            0.024565,            0.004708,           0.0013146,           0.0037997,           0.0037997,           0.0037997
                 189,            0.028363,            0.012896,           0.0024509,             0.85913,             0.80442,             0.88055,             0.54474,            0.025295,           0.0047194,           0.0012225,           0.0037562,           0.0037562,           0.0037562
                 190,            0.029913,            0.012925,            0.003115,             0.84832,             0.82616,             0.88752,             0.54138,            0.025826,           0.0047844,           0.0013683,           0.0037128,           0.0037128,           0.0037128
                 191,            0.029728,            0.012776,           0.0040114,             0.87467,             0.79928,             0.88943,             0.53368,            0.025022,            0.004811,           0.0017171,           0.0036697,           0.0036697,           0.0036697
                 192,            0.028252,            0.012308,            0.002525,             0.87977,             0.77892,             0.87737,              0.5259,            0.025356,           0.0048454,           0.0013271,           0.0036267,           0.0036267,           0.0036267
                 193,            0.029009,             0.01257,           0.0036746,             0.87591,             0.80899,             0.87334,             0.53453,            0.025039,           0.0047972,            0.001559,            0.003584,            0.003584,            0.003584
                 194,            0.028157,             0.01294,            0.004017,             0.87656,             0.82057,             0.88905,             0.53857,            0.024881,           0.0048292,           0.0016551,           0.0035415,           0.0035415,           0.0035415
                 195,            0.028563,            0.013091,           0.0028493,             0.86509,             0.81832,             0.89878,             0.54058,            0.024633,            0.004766,           0.0016357,           0.0034991,           0.0034991,           0.0034991
                 196,            0.028834,            0.012597,           0.0036336,              0.8904,              0.8033,             0.88706,             0.53095,            0.024647,           0.0047152,           0.0016221,            0.003457,            0.003457,            0.003457
                 197,            0.028988,             0.01288,           0.0036097,             0.85983,             0.81519,             0.86878,             0.52326,            0.024327,           0.0048129,           0.0013528,           0.0034152,           0.0034152,           0.0034152
                 198,            0.028189,            0.012715,           0.0026766,             0.88588,             0.81204,              0.8818,             0.53866,            0.024902,           0.0048159,           0.0013991,           0.0033735,           0.0033735,           0.0033735
                 199,             0.02752,            0.012275,           0.0030139,             0.89149,             0.81606,             0.88708,             0.54225,            0.024907,           0.0047257,           0.0014204,           0.0033321,           0.0033321,           0.0033321
                 200,            0.027701,            0.012052,           0.0030015,             0.80818,             0.85235,             0.89302,             0.54437,              0.0252,           0.0047423,           0.0014055,           0.0032909,           0.0032909,           0.0032909
                 201,            0.028092,            0.013048,           0.0032157,              0.8361,             0.83271,             0.88116,             0.52575,            0.025138,           0.0047751,           0.0015626,             0.00325,             0.00325,             0.00325
                 202,            0.027357,            0.012651,           0.0029655,             0.84023,             0.83311,             0.88273,             0.53932,            0.025128,           0.0047046,           0.0021045,           0.0032093,           0.0032093,           0.0032093
                 203,            0.027498,            0.012098,           0.0024576,             0.87432,             0.80525,             0.88745,             0.54272,            0.025522,           0.0047259,           0.0018953,           0.0031689,           0.0031689,           0.0031689
                 204,            0.027715,             0.01241,           0.0023392,             0.85512,             0.84316,              0.8868,             0.54203,            0.025384,           0.0046919,           0.0016417,           0.0031287,           0.0031287,           0.0031287
                 205,            0.027133,            0.012565,           0.0026423,             0.84503,             0.83611,             0.87934,             0.54346,            0.025306,            0.004732,           0.0015193,           0.0030888,           0.0030888,           0.0030888
                 206,            0.027413,            0.012388,            0.002042,             0.85034,             0.84339,             0.87704,             0.53946,            0.025316,           0.0047038,           0.0014458,           0.0030491,           0.0030491,           0.0030491
                 207,            0.027078,             0.01206,           0.0026376,             0.91769,             0.79391,             0.89562,             0.55097,            0.024507,           0.0046432,           0.0014893,           0.0030097,           0.0030097,           0.0030097
                 208,            0.026883,            0.012366,           0.0022317,             0.84883,             0.88501,             0.91307,             0.57375,            0.024392,            0.004618,           0.0013893,           0.0029706,           0.0029706,           0.0029706
                 209,            0.028527,            0.012246,           0.0024432,             0.88423,             0.84518,              0.9089,              0.5663,            0.024488,           0.0045911,           0.0014585,           0.0029318,           0.0029318,           0.0029318
                 210,            0.028686,            0.012224,            0.002839,             0.83033,              0.8414,             0.87429,              0.5413,            0.025064,           0.0046383,           0.0016377,           0.0028932,           0.0028932,           0.0028932
                 211,            0.026754,            0.011846,             0.00282,             0.83436,             0.82379,             0.86109,             0.53055,            0.025169,           0.0047034,           0.0020389,            0.002855,            0.002855,            0.002855
                 212,            0.027647,            0.012189,           0.0033738,             0.84327,             0.83332,             0.88441,             0.53847,            0.024943,           0.0046527,           0.0016278,            0.002817,            0.002817,            0.002817
                 213,            0.027508,            0.012666,           0.0026198,             0.80742,             0.88015,             0.88927,             0.54685,            0.024407,           0.0045414,           0.0015826,           0.0027793,           0.0027793,           0.0027793
                 214,            0.027861,            0.012766,           0.0030678,             0.87865,             0.84442,             0.90844,             0.55376,            0.024251,           0.0046049,           0.0014303,           0.0027419,           0.0027419,           0.0027419
                 215,            0.027959,            0.012364,           0.0022866,             0.87052,             0.82134,             0.89525,             0.54737,            0.024573,           0.0046464,           0.0016449,           0.0027048,           0.0027048,           0.0027048
                 216,            0.027089,             0.01248,           0.0029193,             0.86391,             0.82448,             0.88683,             0.55113,            0.024164,           0.0047227,           0.0015952,           0.0026681,           0.0026681,           0.0026681
                 217,            0.026395,            0.012399,           0.0020038,             0.88134,             0.85495,             0.90494,             0.55565,            0.025021,           0.0046632,           0.0014502,           0.0026316,           0.0026316,           0.0026316
                 218,            0.027192,            0.012088,           0.0016437,             0.84136,             0.86993,              0.8975,             0.55245,            0.024994,            0.004647,           0.0015756,           0.0025954,           0.0025954,           0.0025954
                 219,            0.026255,            0.012378,           0.0025267,             0.91197,             0.77726,             0.89546,             0.54509,            0.025261,           0.0046302,           0.0016639,           0.0025596,           0.0025596,           0.0025596
                 220,            0.027471,            0.012069,            0.002178,             0.87489,             0.83135,             0.90196,             0.55466,            0.024938,           0.0046581,           0.0015713,           0.0025241,           0.0025241,           0.0025241
                 221,            0.027795,            0.012108,           0.0025172,             0.87948,             0.81255,              0.8957,             0.56054,            0.024992,           0.0046322,            0.001395,           0.0024889,           0.0024889,           0.0024889
                 222,            0.025792,            0.012368,           0.0026964,             0.86287,             0.82404,             0.89702,             0.55508,            0.023802,           0.0045466,           0.0013734,           0.0024541,           0.0024541,           0.0024541
                 223,            0.026895,            0.012057,           0.0030961,             0.83964,             0.86626,             0.90218,             0.56314,            0.024088,           0.0045479,           0.0013043,           0.0024195,           0.0024195,           0.0024195
                 224,            0.027778,            0.012298,           0.0027823,             0.86153,             0.85599,             0.90617,             0.56405,            0.024127,           0.0045471,           0.0014314,           0.0023854,           0.0023854,           0.0023854
                 225,            0.026727,            0.012146,           0.0025236,             0.89161,             0.84704,             0.90784,             0.56598,            0.024264,           0.0045617,           0.0016275,           0.0023515,           0.0023515,           0.0023515
                 226,            0.027169,            0.012597,           0.0032146,             0.86136,             0.85168,             0.90588,             0.56963,            0.024171,           0.0046172,           0.0017646,            0.002318,            0.002318,            0.002318
                 227,            0.026593,            0.012252,           0.0023631,             0.87017,              0.8293,             0.89014,             0.55864,            0.024639,           0.0046015,            0.001567,           0.0022849,           0.0022849,           0.0022849
                 228,            0.026218,            0.012703,           0.0020438,              0.8966,             0.79421,             0.89075,              0.5557,            0.024307,            0.004562,           0.0020862,           0.0022521,           0.0022521,           0.0022521
                 229,            0.026617,             0.01208,           0.0020415,             0.86237,             0.80539,             0.87497,             0.55715,            0.024858,           0.0045894,           0.0018732,           0.0022196,           0.0022196,           0.0022196
                 230,            0.026523,             0.01238,           0.0018087,             0.87039,             0.83962,             0.89605,             0.56294,            0.024116,           0.0045823,           0.0015435,           0.0021876,           0.0021876,           0.0021876
                 231,            0.025721,            0.012181,            0.002301,             0.84122,             0.86668,             0.88963,             0.57298,            0.024777,           0.0045334,           0.0015236,           0.0021558,           0.0021558,           0.0021558
                 232,            0.025865,            0.011984,            0.002815,             0.88077,             0.83633,             0.89418,             0.56754,            0.024585,           0.0045463,           0.0015726,           0.0021245,           0.0021245,           0.0021245
                 233,            0.026462,            0.011935,           0.0021017,              0.8812,               0.813,             0.88338,              0.5575,            0.024108,            0.004587,           0.0014702,           0.0020935,           0.0020935,           0.0020935
                 234,            0.025377,            0.011924,            0.002741,             0.86814,              0.8253,             0.88894,             0.56076,            0.024355,           0.0045492,           0.0015402,           0.0020629,           0.0020629,           0.0020629
                 235,            0.025217,            0.012014,           0.0023979,             0.87899,             0.85208,             0.90024,              0.5718,            0.024466,           0.0045492,           0.0013553,           0.0020327,           0.0020327,           0.0020327
                 236,             0.02574,            0.011715,           0.0025334,             0.86967,             0.83241,              0.8962,             0.57233,            0.024465,           0.0044459,           0.0013739,           0.0020028,           0.0020028,           0.0020028
                 237,            0.026209,            0.011537,           0.0026299,             0.89467,             0.87122,             0.90755,             0.56957,             0.02402,           0.0044656,           0.0014758,           0.0019734,           0.0019734,           0.0019734
                 238,            0.026103,            0.012224,           0.0024716,             0.88445,             0.87283,             0.91239,             0.57211,            0.024644,           0.0044924,           0.0015876,           0.0019443,           0.0019443,           0.0019443
                 239,            0.026378,             0.01173,           0.0032678,             0.89008,             0.83806,             0.89997,             0.56592,            0.024116,           0.0045255,           0.0019784,           0.0019156,           0.0019156,           0.0019156
                 240,            0.026496,            0.012249,           0.0027095,             0.86158,              0.8301,             0.89917,             0.57804,              0.0245,           0.0045282,           0.0016774,           0.0018873,           0.0018873,           0.0018873
                 241,            0.026017,            0.012008,           0.0026655,             0.88162,             0.85598,             0.91428,             0.57093,            0.024134,           0.0045008,           0.0014192,           0.0018594,           0.0018594,           0.0018594
                 242,            0.026292,            0.011988,           0.0024635,             0.89337,             0.83912,             0.91106,             0.56979,            0.023982,           0.0045134,           0.0014039,           0.0018319,           0.0018319,           0.0018319
                 243,            0.026765,            0.011372,           0.0017612,             0.88069,             0.85708,             0.91193,             0.56806,            0.023872,           0.0044717,           0.0014967,           0.0018048,           0.0018048,           0.0018048
                 244,            0.024111,            0.011583,           0.0027591,               0.897,             0.88881,             0.91921,             0.56648,            0.024078,           0.0044416,            0.001723,           0.0017781,           0.0017781,           0.0017781
                 245,            0.024598,            0.011764,           0.0027828,              0.8827,             0.86994,             0.91092,             0.57045,            0.023886,           0.0044839,           0.0017012,           0.0017519,           0.0017519,           0.0017519
                 246,            0.025738,            0.012281,           0.0036349,             0.89375,             0.86024,             0.92146,             0.55808,            0.024013,            0.004536,           0.0017138,            0.001726,            0.001726,            0.001726
                 247,            0.025713,            0.011943,            0.001716,             0.88318,             0.86604,             0.92076,             0.57681,            0.023449,           0.0045077,           0.0017971,           0.0017005,           0.0017005,           0.0017005
                 248,            0.025181,            0.011683,           0.0020083,             0.91417,             0.85215,             0.91875,             0.58837,            0.023925,           0.0044758,           0.0018501,           0.0016755,           0.0016755,           0.0016755
                 249,            0.025172,            0.011843,           0.0019009,             0.92665,             0.85205,             0.92642,             0.58375,            0.023868,           0.0044268,           0.0018475,           0.0016509,           0.0016509,           0.0016509
                 250,             0.02501,            0.011844,           0.0020715,             0.91428,             0.88306,             0.92384,             0.58264,            0.023934,           0.0044155,           0.0018028,           0.0016267,           0.0016267,           0.0016267
                 251,            0.026176,            0.011486,           0.0030668,             0.92081,              0.8741,             0.92359,             0.57943,            0.024307,           0.0044452,           0.0019218,           0.0016029,           0.0016029,           0.0016029
                 252,            0.025153,            0.011582,           0.0014735,             0.91652,             0.85125,             0.91497,             0.58056,            0.024232,           0.0044562,           0.0021426,           0.0015795,           0.0015795,           0.0015795
                 253,            0.024737,            0.011747,           0.0030342,              0.9108,             0.85893,             0.91163,             0.58256,            0.024123,           0.0044333,           0.0019236,           0.0015566,           0.0015566,           0.0015566
                 254,            0.025652,            0.011963,           0.0020673,             0.89911,             0.86994,             0.91168,             0.57358,            0.024305,           0.0044304,           0.0017995,           0.0015341,           0.0015341,           0.0015341
                 255,            0.024523,            0.012189,           0.0028229,             0.89514,             0.87786,             0.91863,             0.57528,            0.024114,           0.0044453,           0.0016168,           0.0015121,           0.0015121,           0.0015121
                 256,            0.026124,            0.011799,           0.0023436,              0.8959,             0.87077,             0.92054,             0.57932,            0.024221,           0.0044411,           0.0015201,           0.0014905,           0.0014905,           0.0014905
                 257,            0.024299,            0.011613,            0.002071,             0.89004,             0.87612,             0.92221,              0.5691,            0.024465,           0.0044255,           0.0016858,           0.0014693,           0.0014693,           0.0014693
                 258,            0.025133,            0.011158,           0.0027704,             0.90586,              0.8655,             0.92344,             0.57287,            0.024318,           0.0044781,           0.0015801,           0.0014486,           0.0014486,           0.0014486
                 259,            0.023685,            0.011664,           0.0032203,             0.91193,             0.86143,              0.9217,             0.57822,            0.024294,           0.0044823,           0.0014752,           0.0014283,           0.0014283,           0.0014283
                 260,             0.02625,            0.011889,            0.002995,             0.88769,              0.8567,             0.91512,             0.57474,            0.024199,           0.0044521,           0.0014272,           0.0014084,           0.0014084,           0.0014084
                 261,            0.024923,            0.011607,           0.0016324,             0.90393,             0.86913,             0.92579,             0.58631,            0.024224,           0.0044532,           0.0013452,            0.001389,            0.001389,            0.001389
                 262,            0.025411,            0.011406,           0.0018849,             0.91369,             0.86223,             0.91986,             0.58124,            0.024272,           0.0044558,           0.0010942,           0.0013701,           0.0013701,           0.0013701
                 263,            0.024828,             0.01171,           0.0016878,             0.88228,             0.87321,             0.91726,             0.57445,            0.024262,           0.0044959,            0.001194,           0.0013516,           0.0013516,           0.0013516
                 264,            0.023012,            0.011133,           0.0019329,             0.89775,              0.8545,             0.92073,             0.57418,            0.023803,           0.0045026,           0.0012292,           0.0013336,           0.0013336,           0.0013336
                 265,            0.024315,            0.011337,           0.0017519,             0.91966,              0.8498,             0.92282,                0.58,            0.023657,           0.0045108,            0.001276,            0.001316,            0.001316,            0.001316
                 266,            0.024813,             0.01145,           0.0015728,             0.89021,             0.86666,             0.92368,             0.57897,            0.023922,            0.004528,           0.0013301,           0.0012989,           0.0012989,           0.0012989
                 267,            0.024693,            0.011682,           0.0026781,             0.88985,             0.86351,             0.92128,             0.58782,            0.023929,           0.0045286,           0.0012842,           0.0012822,           0.0012822,           0.0012822
                 268,            0.024561,            0.010979,           0.0016506,             0.92475,             0.83221,             0.92196,             0.58611,            0.023812,           0.0044979,           0.0013053,            0.001266,            0.001266,            0.001266
                 269,            0.025944,             0.01126,           0.0015387,             0.87563,             0.86403,             0.91314,             0.57873,            0.024144,           0.0044818,           0.0014775,           0.0012503,           0.0012503,           0.0012503
                 270,            0.024535,            0.011072,           0.0022799,             0.92021,             0.85111,             0.91976,             0.58095,            0.024565,           0.0044668,           0.0013779,            0.001235,            0.001235,            0.001235
                 271,            0.024656,            0.011678,           0.0018152,             0.89619,             0.88927,             0.93092,             0.59512,            0.023977,           0.0044706,           0.0013168,           0.0012202,           0.0012202,           0.0012202
                 272,            0.025899,            0.011731,           0.0016469,             0.90063,             0.88748,             0.92679,             0.59137,            0.023375,            0.004443,           0.0013669,           0.0012059,           0.0012059,           0.0012059
                 273,            0.024744,            0.011697,           0.0017119,             0.88535,             0.88306,             0.92665,             0.58466,            0.023723,           0.0044353,           0.0014875,           0.0011921,           0.0011921,           0.0011921
                 274,            0.024543,            0.011504,            0.002147,             0.87358,             0.86313,             0.91422,             0.58423,            0.023668,           0.0044705,           0.0015721,           0.0011787,           0.0011787,           0.0011787
                 275,            0.025089,            0.011402,            0.002583,             0.85804,             0.86206,             0.90036,              0.5847,            0.023386,           0.0045144,           0.0017862,           0.0011658,           0.0011658,           0.0011658
                 276,            0.024324,            0.011997,           0.0023724,             0.87873,             0.82499,             0.89825,             0.58008,             0.02365,            0.004487,           0.0016176,           0.0011533,           0.0011533,           0.0011533
                 277,              0.0245,            0.011755,             0.00184,             0.86864,             0.83126,             0.90475,             0.57495,            0.023744,           0.0044754,           0.0015529,           0.0011414,           0.0011414,           0.0011414
                 278,            0.024829,            0.011693,           0.0015997,             0.88436,              0.8582,             0.91173,             0.57319,            0.023735,           0.0045043,           0.0015738,           0.0011299,           0.0011299,           0.0011299
                 279,            0.024372,            0.011658,           0.0023026,             0.87185,             0.84924,              0.8992,             0.56596,            0.023557,           0.0045164,           0.0014266,           0.0011189,           0.0011189,           0.0011189
                 280,             0.02482,            0.011712,           0.0018117,             0.88168,             0.85823,             0.91245,             0.57414,             0.02349,           0.0044886,           0.0013315,           0.0011084,           0.0011084,           0.0011084
                 281,            0.024647,            0.011708,           0.0016795,             0.88656,             0.88275,             0.91905,             0.57769,            0.023768,           0.0044512,           0.0013011,           0.0010983,           0.0010983,           0.0010983
                 282,            0.024008,            0.011405,           0.0015342,             0.87818,              0.8875,             0.91888,             0.57947,            0.023842,           0.0044545,           0.0013302,           0.0010888,           0.0010888,           0.0010888
                 283,            0.024081,             0.01164,           0.0017753,             0.88527,             0.84319,              0.9113,             0.58071,             0.02376,           0.0044482,           0.0013302,           0.0010797,           0.0010797,           0.0010797
                 284,            0.023567,            0.011289,           0.0017544,             0.89397,             0.86604,             0.92133,             0.57944,            0.023672,           0.0044722,           0.0012908,           0.0010711,           0.0010711,           0.0010711
                 285,            0.023208,            0.011147,            0.001513,             0.89539,             0.88194,             0.92632,             0.58649,            0.023894,           0.0044556,           0.0014849,            0.001063,            0.001063,            0.001063
                 286,            0.023846,            0.011448,           0.0016898,             0.91987,             0.86389,             0.92693,             0.57949,            0.023843,           0.0044074,           0.0017867,           0.0010554,           0.0010554,           0.0010554
                 287,            0.023425,            0.011443,            0.001645,              0.8635,             0.87109,             0.91192,             0.58005,            0.023903,           0.0044071,           0.0017354,           0.0010483,           0.0010483,           0.0010483
                 288,            0.024404,            0.011275,           0.0023791,               0.898,             0.86806,             0.91428,             0.57779,             0.02375,           0.0044126,            0.001651,           0.0010416,           0.0010416,           0.0010416
                 289,            0.024519,            0.011656,           0.0017209,             0.88455,               0.874,             0.91743,             0.58311,            0.024118,           0.0044294,           0.0016057,           0.0010355,           0.0010355,           0.0010355
                 290,            0.024421,            0.011692,           0.0023338,             0.89276,               0.867,             0.91341,             0.58114,            0.024077,           0.0044227,           0.0015615,           0.0010298,           0.0010298,           0.0010298
                 291,            0.023928,            0.011299,           0.0021208,             0.89684,             0.84098,             0.90044,             0.57653,            0.024387,           0.0044382,           0.0016849,           0.0010247,           0.0010247,           0.0010247
                 292,            0.024144,            0.011292,           0.0019388,             0.89096,             0.85708,             0.90424,              0.5698,            0.024096,           0.0044621,           0.0015313,             0.00102,             0.00102,             0.00102
                 293,            0.024963,            0.011519,           0.0022713,             0.89061,              0.8844,             0.90702,              0.5749,            0.023964,           0.0044744,           0.0015197,           0.0010158,           0.0010158,           0.0010158
                 294,            0.023908,            0.011364,           0.0015068,             0.88288,             0.84514,             0.89842,             0.57113,            0.024376,           0.0044618,           0.0016119,           0.0010121,           0.0010121,           0.0010121
                 295,            0.025105,             0.01117,           0.0020938,             0.89375,             0.85013,             0.90855,             0.57346,            0.024356,           0.0044638,           0.0016316,           0.0010089,           0.0010089,           0.0010089
                 296,            0.024577,            0.011779,           0.0024034,              0.9201,             0.86444,             0.92004,             0.57927,            0.024016,           0.0044925,           0.0016514,           0.0010062,           0.0010062,           0.0010062
                 297,            0.023719,            0.011331,           0.0017222,             0.89113,             0.86483,             0.91689,             0.58047,            0.024041,           0.0044751,           0.0016375,           0.0010039,           0.0010039,           0.0010039
                 298,            0.024207,            0.011119,           0.0020511,             0.86438,              0.8871,             0.91702,             0.58346,            0.024017,           0.0044601,           0.0016726,           0.0010022,           0.0010022,           0.0010022
                 299,            0.024763,            0.011503,           0.0016471,             0.86653,             0.87991,             0.91658,             0.58733,            0.024089,           0.0044218,           0.0017735,            0.001001,            0.001001,            0.001001
